Target_Gene,RTN_A_median,RTN_A_CI_lower,RTN_A_CI_upper,RTN_B_median,RTN_B_CI_lower,RTN_B_CI_upper,Prognostic_Effect_median,Prognostic_Effect_CI_lower,Prognostic_Effect_CI_upper,p_value,adjusted_p_value,p_value_CI_lower,p_value_CI_upper,adjusted_p_value_CI_lower,adjusted_p_value_CI_upper
Abcb1,0.0053982999487353,0.0052293837668748,0.006240883277251,0.0054644808743169,0.0054644808743169,0.0054644808743169,-0.0175799246425134,-0.0326425649368066,0.1911480028864762,0.7808672191327809,0.9132949931377554,0.5538794461205538,0.000795999204000796,0.5799784776131454,0.007580944800007581
Akt1,0.0048264839471985,0.0042271419142499,0.0051820035123083,0.0054644808743169,0.0054644808743169,0.0054644808743169,-0.1799089040489906,-0.3570140737753526,-0.0765744530159306,0.002443997556002444,0.021252152660890818,9.99999000001e-07,0.18847881152118848,6.24999375000625e-06,0.3015660984339016
Akt2,0.0055475417230359,0.0052202810482387,0.0058294796801914,0.0054644808743169,0.0054644808743169,0.0054644808743169,0.02174498339861,-0.066057219586583,0.1032504318126277,0.5663234336765663,0.7822581218514671,0.24744375255624745,0.06015793984206016,0.2776231860639648,0.16732685970016734
Apc,0.0056535778505578,0.0054519705866598,0.0062117440522084,0.0054644808743169,0.0054644808743169,0.0054644808743169,0.0489789754619056,-0.0033023830745985,0.180114076609525,0.2971157028842971,0.5824746468831513,0.9690840309159691,0.001461998538001462,0.9690840309159691,0.01044284670001044
Araf,0.0053510381090533,0.0050675003072219,0.0056705063447571,0.0054644808743169,0.0054644808743169,0.0054644808743169,-0.0302656620458062,-0.1088101752211311,0.0629570383453996,0.585909414090586,0.7905482027403878,0.0712079287920712,0.2044987955012045,0.0930822598589166,0.31952936797063203
Arid1a,0.0048969928577378,0.0040470718213819,0.0054707529224981,0.0054644808743169,0.0054644808743169,0.0054644808743169,-0.1597788107489577,-0.3689188751827858,0.0004382791196595,0.007223992776007224,0.04982063983453258,9.99999000001e-07,0.9015440984559016,6.24999375000625e-06,0.9199429576080628
Arid1b,0.0050664488129275,0.0047547047795419,0.0055262649232191,0.0054644808743169,0.0054644808743169,0.0054644808743169,-0.1091171760906644,-0.20072867970084,0.027530264680219,0.07004792995207004,0.28590991817171446,0.000798999201000799,0.493970506029494,0.00187999812000188,0.5684798912902237
Ascl1,0.0055997334176569,0.0050733479173338,0.0057613646520298,0.0054644808743169,0.0054644808743169,0.0054644808743169,0.0352117007926853,-0.112932738033269,0.0763261263195364,0.4138205861794138,0.6568580733006568,0.06083293916706083,0.14318885681114318,0.08057342936034548,0.24476727660024478
Atm,0.004982319649479,0.0046972130958982,0.0056781435679141,0.0054644808743169,0.0054644808743169,0.0054644808743169,-0.1332723347123313,-0.2182794013405774,0.0554106973576098,0.027750972249027752,0.14605774867909344,0.000223999776000224,0.2513987486012514,0.0006054048000006054,0.36970404206066376
Atr,0.0049279781711917,0.0045382484217754,0.0053648558639055,0.0054644808743169,0.0054644808743169,0.0054644808743169,-0.149282858973469,-0.2696682469414971,-0.0431018060512461,0.01283998716001284,0.08246241753758246,2.999997000003e-06,0.4331765668234332,1.3953474418618604e-05,0.533932799400534
Aurka,0.0051899397181763,0.0048343105690937,0.0056373081164612,0.0054644808743169,0.0054644808743169,0.0054644808743169,-0.074421011436552,-0.1767742876934599,0.0226741954133739,0.19693780306219694,0.4688995311004689,0.002774997225002775,0.5538794461205538,0.0054058198368986095,0.6154216068006154
Aurkb,0.0051504338162249,0.0043415081843802,0.0054024453468888,0.0054644808743169,0.0054644808743169,0.0054644808743169,-0.0853953726230603,-0.3364698606469702,-0.0164718740496196,0.14709685290314709,0.4067667165209547,9.99999000001e-07,0.7973942026057974,6.24999375000625e-06,0.8349677514196832
Axin1,0.0054178549834762,0.0049529136285285,0.0059635202275832,0.0054644808743169,0.0054644808743169,0.0054644808743169,-0.0125690855730215,-0.1271343537403397,0.1228801146622929,0.8644941355058645,0.9502265223009503,0.03556496443503557,0.028047971952028048,0.050807092050050816,0.09841393667378263
Axl,0.0054380222132205,0.0051478595050903,0.0057520307549575,0.0054644808743169,0.0054644808743169,0.0054644808743169,-0.0070263642096239,-0.0748842135643501,0.1024773512315777,0.9630960369039631,0.9903960096039904,0.19524180475819525,0.06191093808906191,0.22835298802128098,0.16732685970016734
B2m,0.0054788300893426,0.0049468705931557,0.005799118228262,0.0054644808743169,0.0054644808743169,0.0054644808743169,0.0037727605775108,-0.1435682863305444,0.0857491048235603,0.8412301587698412,0.9475529850312846,0.016685983314016686,0.10706889293110707,0.02567074356002567,0.20634402442520636
Bcl2,0.0058974755067411,0.0054659746216596,0.00606245591119,0.0054644808743169,0.0054644808743169,0.0054644808743169,0.1100030914423477,0.0003943151130034,0.1494928678774571,0.04807495192504808,0.22892834250022895,0.9028590971409028,0.007310992689007311,0.9119788860009119,0.030462469537530464
Braf,0.0054352291985207,0.0047205876370595,0.0057791469209367,0.0054644808743169,0.0054644808743169,0.0054644808743169,-0.0081363287346988,-0.2111179833371176,0.0832787448819634,0.944016055983944,0.9856646393353607,0.000386999613000387,0.11552988447011553,0.0009923067000009924,0.21479978520021478
Brca1,0.0054152928888581,0.0048008879547311,0.0055494617734326,0.0054644808743169,0.0054644808743169,0.0054644808743169,-0.013181397839822,-0.1867831802503239,0.0268223767159999,0.8524791475208525,0.9502265223009503,0.001716998283001717,0.5031274968725031,0.003732604963047211,0.5717357919005718
Brca2,0.0052226970238547,0.0045019133294107,0.005625744163318,0.0054644808743169,0.0054644808743169,0.0054644808743169,-0.0660027010095734,-0.2809154615914747,0.0408882217216305,0.24772075227924772,0.5198328135005198,2.999997000003e-06,0.3603946396053604,1.3953474418618604e-05,0.4742034731649479
Brd2,0.005184447218592,0.0048873806432233,0.0054522931414057,0.0054644808743169,0.0054644808743169,0.0054644808743169,-0.0766867905770007,-0.1610229761897356,-0.0031589168629222,0.18817981182018817,0.46217514758095,0.006732993267006733,0.9665740334259666,0.011709553507837797,0.9714311893728308
Brd4,0.0043671252413103,0.0040407845619717,0.0050782142362681,0.0054644808743169,0.0054644808743169,0.0054644808743169,-0.3239158999982406,-0.4354490113774469,-0.0958504096573039,9.99999000001e-07,2.4999975000025e-05,9.99999000001e-07,0.1065968934031066,6.24999375000625e-06,0.20634402442520636
Btk,0.0052775636172979,0.0049368209873039,0.0057236121530979,0.0054644808743169,0.0054644808743169,0.0054644808743169,-0.0502256075167029,-0.1446858180124826,0.0597012209452839,0.36497663502336497,0.6175043824956176,0.01573098426901573,0.22501377498622502,0.024389122897698807,0.34234814250034235
Ccna2,0.0055078862805265,0.0052419793633667,0.0058113791318955,0.0054644808743169,0.0054644808743169,0.0054644808743169,0.0113272887588841,-0.0420814980875902,0.0887961321636672,0.7184422815577184,0.8761491238508762,0.4431815568184432,0.09863690136309863,0.4756551393181227,0.20634402442520636
Ccnb1,0.005285184163726,0.0046431018525366,0.0057866329043159,0.0054644808743169,0.0054644808743169,0.0054644808743169,-0.0483291915000112,-0.237346098491503,0.0288638422093246,0.381969618030382,0.631354740546086,3.6999963000037e-05,0.48001351998648,0.00012758607931047242,0.5608471135714911
Ccnd1,0.0049827960114683,0.0046409451233979,0.0058587385670336,0.0054644808743169,0.0054644808743169,0.0054644808743169,-0.1335368522496295,-0.1989708044419166,0.1262266398737616,0.027285972714027287,0.14605774867909344,0.000898999101000899,0.024212975787024214,0.002043179775002043,0.08647491352508647
Ccnd3,0.0050460780367544,0.0043500516571631,0.0056507916061867,0.0054644808743169,0.0054644808743169,0.0054644808743169,-0.1149311662745913,-0.3337873337236292,0.0531822843448463,0.05711194288805711,0.25181279166546916,9.99999000001e-07,0.26787473212526786,6.24999375000625e-06,0.3826781887503827
Ccne1,0.0054670643479665,0.0049461581105902,0.0056182021703572,0.0054644808743169,0.0054644808743169,0.0054644808743169,0.000680104031174,-0.2050120425955991,0.0400240942350574,0.8981981018018982,0.9606396810715488,0.000646999353000647,0.3667746332253668,0.0015975292666682642,0.4794439650004795
Cd274,0.0055349005486816,0.0052732652145672,0.0058152746552079,0.0054644808743169,0.0054644808743169,0.0054644808743169,0.0183333599251591,-0.0546793490902134,0.1151904135493995,0.6128713871286129,0.8117501816273018,0.32778167221832777,0.039107960892039106,0.3642018580203642,0.12132295560012132
Cd276,0.0054048100199392,0.0047536480551122,0.0056679437614436,0.0054644808743169,0.0054644808743169,0.0054644808743169,-0.0158420205971648,-0.1820173920949782,0.0549037614131429,0.8082671917328083,0.9390083095466037,0.002223997776002224,0.25484674515325484,0.00453877097143311,0.37023006455254415
Cd40,0.005376508143685,0.0047971452090553,0.0057430318459899,0.0054644808743169,0.0054644808743169,0.0054644808743169,-0.0235060935260306,-0.1815041750560011,0.0595027423559681,0.6814853185146815,0.8528153971846028,0.002276997723002277,0.22594977405022595,0.004599995400004601,0.34234814250034235
Cd47,0.0053775759423359,0.0049751095645993,0.0058673542084277,0.0054644808743169,0.0054644808743169,0.0054644808743169,-0.0237245858172499,-0.1353561485481836,0.102625642838834,0.6780173219826781,0.8528153971846028,0.0252989747010253,0.06166193833806166,0.03775966373287358,0.16732685970016734
Cdk12,0.0054070362858683,0.005040429172072,0.0055747459433789,0.0054644808743169,0.0054644808743169,0.0054644808743169,-0.0152572962625643,-0.1187004517718658,0.0223465928890897,0.8174571825428174,0.9396059569457671,0.050413949586050416,0.557035442964557,0.06721859944806723,0.6155087767564166
Cdk2,0.0052550998231414,0.0049997697552705,0.0055519643311987,0.0054644808743169,0.0054644808743169,0.0054644808743169,-0.0565912641958439,-0.1282227876062195,0.0221522840411338,0.3131126868873131,0.5824746468831513,0.033921966078033924,0.5611524388475612,0.0488085842849409,0.6166510317006166
Cdk4,0.0046323720705941,0.0043293334104606,0.0051397643558618,0.0054644808743169,0.0054644808743169,0.0054644808743169,-0.2383418733559008,-0.3359395367735035,-0.0883822290644472,2.999997000003e-05,0.0005999994000006,9.99999000001e-07,0.13367486632513367,6.24999375000625e-06,0.23441715688719095
Cdk6,0.0053767204851355,0.0049422474782654,0.0058100458989673,0.0054644808743169,0.0054644808743169,0.0054644808743169,-0.0233673179156669,-0.164408861935369,0.0884651144894604,0.6822523177476822,0.8528153971846028,0.005727994272005728,0.0994109005890994,0.010228561200010228,0.20634402442520636
Cdk7,0.0053027652464751,0.0045966075420688,0.0058798019774026,0.0054644808743169,0.0054644808743169,0.0054644808743169,-0.0445870718082171,-0.2495149521357109,0.1030609602082957,0.41765258234741764,0.6577206021219175,1.3999986000014e-05,0.060663939336060665,5.490190588240784e-05,0.16732685970016734
Cdk8,0.0054687163216652,0.0050566203656888,0.0056834101480353,0.0054644808743169,0.0054644808743169,0.0054644808743169,0.000908773205723,-0.1522116841153398,0.0489300371765295,0.8925771074228925,0.9606396810715488,0.010987989012010988,0.29722070277929724,0.01816196530910907,0.41494264061291497
Cdk9,0.0052664362628099,0.0044116408610686,0.0057691542894174,0.0054644808743169,0.0054644808743169,0.0054644808743169,-0.0533041651162072,-0.308769096301942,0.0782754007617587,0.3404886595113405,0.5973485254584922,9.99999000001e-07,0.13394886605113396,6.24999375000625e-06,0.23441715688719095
Cdkn1a,0.0056842028884372,0.0050144264982816,0.0063497868972555,0.0054644808743169,0.0054644808743169,0.0054644808743169,0.0562159485954055,-0.1400521150518562,0.2194424778729145,0.24606275393724605,0.5198328135005198,0.019745980254019746,7.4999925000075e-05,0.030146534738961443,0.000999999000001
Cdkn2a(Arf),0.0051632373373414,0.0049101195415026,0.0057365766625768,0.0054644808743169,0.0054644808743169,0.0054644808743169,-0.0818675590726446,-0.1543332819204578,0.0701056101623357,0.16386283613716388,0.42561775620042563,0.009657990342009658,0.1722068277931722,0.016096650570016097,0.28045337808320725
Cdkn2a(Ink4a),0.0057628529365669,0.0053081622664268,0.0061421451442235,0.0054644808743169,0.0054644808743169,0.0054644808743169,0.0766987573839205,-0.0418719729210552,0.1686581584751983,0.14055185944814055,0.4067667165209547,0.44473755526244474,0.002508997491002509,0.4756551393181227,0.014405699880014406
Cdkn2a(Ink4a+Arf),0.0050974030593719,0.0047435311804325,0.0056359269856836,0.0054644808743169,0.0054644808743169,0.0054644808743169,-0.100395815409339,-0.2041230159814039,0.0445684750504874,0.09458390541609459,0.3204849254167139,0.000688999311000689,0.3286726713273287,0.0016602393036161181,0.44415225855044416
Cdkn2b,0.0059636413907039,0.0053324701028746,0.0082681103109215,0.0054644808743169,0.0054644808743169,0.0054644808743169,0.1260700466302627,-0.0352804744301812,0.5974731905659921,0.024306975693024306,0.13503875385013503,0.5201794798205202,9.99999000001e-07,0.5475573471794949,2.857140000002857e-05
Chek1,0.0046477388190474,0.0045161959528155,0.0050488467223561,0.0054644808743169,0.0054644808743169,0.0054644808743169,-0.2336871279151032,-0.2745360031828432,-0.1141305670189848,4.999995000005e-05,0.0007692300000007692,2.999997000003e-06,0.05838194161805838,1.3953474418618604e-05,0.16680554748016682
Chek2,0.0053060138011683,0.0047824764945862,0.0053907867859844,0.0054644808743169,0.0054644808743169,0.0054644808743169,-0.0424560701728794,-0.2002395333709378,-0.0062677946956388,0.43921556078443924,0.6757162473606757,0.000812999187000813,0.9767130232869767,0.0018906957837228208,0.9767130232869767
Cic,0.0055777459514028,0.0052375417567129,0.0059131307143799,0.0054644808743169,0.0054644808743169,0.0054644808743169,0.0295726458070279,-0.0945472754294849,0.1069093276002941,0.4728855271144729,0.713091016232292,0.11132488867511132,0.05338194661805338,0.13659495542958447,0.1570057253472158
Cldn18(A1),0.0057211135993016,0.0050341756497637,0.007375166874928,0.0054644808743169,0.0054644808743169,0.0054644808743169,0.0654150575719218,-0.1490175249861453,0.411519267574339,0.19354380645619354,0.46637061796673146,0.013082986917013083,9.99999000001e-07,0.021101591801634005,2.857140000002857e-05
Cldn18(A1+A2),0.0054452675433876,0.0049243309167165,0.005672283007734,0.0054644808743169,0.0054644808743169,0.0054644808743169,-0.0053797739507703,-0.1501567316993858,0.0537624799976316,0.9903960096039904,0.9903960096039904,0.012315987684012316,0.26434573565426434,0.020025996234166368,0.3803535764809559
Cldn18(A2),0.0052071025173079,0.0045649315813254,0.0056194077348686,0.0054644808743169,0.0054644808743169,0.0054644808743169,-0.0696071140299119,-0.2594912089554474,-0.0021193837879006,0.22527077472922527,0.4951006038004951,8.999991000009e-06,0.9505330494669505,3.74999625000375e-05,0.9650081720476655
Cldn3,0.0057044280097362,0.0050900852046135,0.0062015818351315,0.0054644808743169,0.0054644808743169,0.0054644808743169,0.0617808218903972,-0.1028763735298444,0.1575975390929123,0.21181878818121183,0.48051187903868275,0.08716491283508716,0.004722995277004723,0.10895614104385895,0.02286361350002286
Crbn,0.005627203796442,0.0055147960715876,0.0061520845809512,0.0054644808743169,0.0054644808743169,0.0054644808743169,0.0422728346554374,0.0132230918504461,0.170990891720156,0.348991651008349,0.6069420017536505,0.6838813161186839,0.002318997681002319,0.7014167344807014,0.014405699880014406
Ctnnb1,0.0053948588916758,0.0047810344758211,0.0056090417908958,0.0054644808743169,0.0054644808743169,0.0054644808743169,-0.0185176723268669,-0.1764741535406925,0.0375324552596232,0.7645542354457645,0.9101836136259102,0.002783997216002784,0.3894956105043895,0.0054058198368986095,0.5058384552005059
EGFP,0.005496263764174,0.0052059406351861,0.0060747429383432,0.0054644808743169,0.0054644808743169,0.0054644808743169,0.0076669735542246,-0.0699255860019094,0.1527389138755065,0.7807612192387807,0.9132949931377554,0.22314077685922315,0.006250993749006251,0.255018030696255,0.027178233691331526
Egfr,0.0051023480527021,0.0043404814924656,0.0053190957321477,0.0054644808743169,0.0054644808743169,0.0054644808743169,-0.0990808423140772,-0.279427758511648,-0.0389751524359437,0.09774790225209774,0.3204849254167139,2.999997000003e-06,0.4785125214874785,1.3953474418618604e-05,0.5608471135714911
Elf3,0.00547831020306,0.0049353678198901,0.0058122108372673,0.0054644808743169,0.0054644808743169,0.0054644808743169,0.0036220745002134,-0.135168486953884,0.0890025911355518,0.8433221566778433,0.9475529850312846,0.02560997439002561,0.09856990143009857,0.03794070280003794,0.20634402442520636
Ep300,0.0057838104843031,0.0049387164011671,0.0062643437756558,0.0054644808743169,0.0054644808743169,0.0054644808743169,0.0815721089589351,-0.1459483200137565,0.1854637505025638,0.12080287919712081,0.38945273554726445,0.014644985355014645,0.001117998882001118,0.02306296906301519,0.009263990736009264
Erbb2,0.0052650186294354,0.0048891338533895,0.0054748694413408,0.0054644808743169,0.0054644808743169,0.0054644808743169,-0.0536617503796338,-0.1745021055686214,0.003428722509616,0.3363686636313364,0.5973485254584922,0.003117996882003118,0.8479001520998479,0.0059390416800059395,0.8741238681441731
Erbb3,0.0053058787873382,0.0048207428551014,0.0058674672567884,0.0054644808743169,0.0054644808743169,0.0054644808743169,-0.0429121991659777,-0.1827614758613189,0.1200820427067972,0.4349265650734349,0.674304752051837,0.002151997848002152,0.031567968432031565,0.004437108964952891,0.10522656144010523
Ern1,0.0053874465089214,0.0047179931278371,0.0056349868375511,0.0054644808743169,0.0054644808743169,0.0054644808743169,-0.0204829270365458,-0.2264258994250932,0.0443277941131855,0.7304702695297305,0.8854185085208854,0.000106999893000107,0.330994669005331,0.0003396822000003397,0.4442881463158805
Ezh2,0.0056071527062573,0.004858584435454,0.0061045672429374,0.0054644808743169,0.0054644808743169,0.0054644808743169,0.0365455646807486,-0.1695484052684948,0.1575329107056795,0.4006485993514006,0.651461137156749,0.004285995714004286,0.004753995246004754,0.007792719480007792,0.02286361350002286
Fbxw7,0.0068463857455752,0.0062570082268335,0.0069777107084069,0.0054644808743169,0.0054644808743169,0.0054644808743169,0.3252199934947104,0.1953885545433621,0.3493654063977036,9.99999000001e-07,2.4999975000025e-05,0.000643999356000644,9.99999000001e-07,0.0015975292666682642,2.857140000002857e-05
Fgfr1,0.0053476421651673,0.0050218218378378,0.005880869273914,0.0054644808743169,0.0054644808743169,0.0054644808743169,-0.0311815150342574,-0.1259983986723433,0.0781403866080652,0.571048428951571,0.7822581218514671,0.037441962558037445,0.13478986521013478,0.05273515853244711,0.23441715688719095
Fgfr2,0.0056727198072641,0.0053502298189522,0.0064476417817136,0.0054644808743169,0.0054644808743169,0.0054644808743169,0.0539452559505544,-0.0476239445689764,0.2386871464175453,0.2630977369022631,0.5424695606232229,0.38744361255638743,1.3999986000014e-05,0.4257622116004257,0.00023333310000023334
Fgfr3,0.0053627672858377,0.0044519961080224,0.0059932663796783,0.0054644808743169,0.0054644808743169,0.0054644808743169,-0.0271220786364956,-0.2453203546722629,0.1311719524828626,0.6296243703756296,0.8230383926478818,1.7999982000018e-05,0.01862798137201863,6.923070000006922e-05,0.07029426932837218
Fkbp1a,0.005767833041412,0.004633571984707,0.0059866840555276,0.0054644808743169,0.0054644808743169,0.0054644808743169,0.0774132267521438,-0.1855158650343436,0.132554200237877,0.13776586223413775,0.4067667165209547,0.001893998106001894,0.017616982383017617,0.004029783204259349,0.06775762455006776
Fkbp3,0.0052027658859669,0.0048810729823273,0.0056882078531667,0.0054644808743169,0.0054644808743169,0.0054644808743169,-0.0709152526736403,-0.1628861231540037,0.0548639936472013,0.2170927829072171,0.4824284064604824,0.00603999396000604,0.25545874454125544,0.010596480631589545,0.37023006455254415
Fkbp4,0.0052566857877841,0.0048645242259836,0.0053423768637826,0.0054644808743169,0.0054644808743169,0.0054644808743169,-0.0559490214122371,-0.1451163458969108,0.0192733841704197,0.3174486825513175,0.5824746468831513,0.01543998456001544,0.5993904006095994,0.024124975875024126,0.6515113050104341
Fkbp5,0.0052586257983084,0.0046954836439814,0.0061062052139866,0.0054644808743169,0.0054644808743169,0.0054644808743169,-0.0554045246513211,-0.2188106804398753,0.0752837061618689,0.32175967824032176,0.585017596800585,0.000213999786000214,0.14764685235314765,0.0005863007835622302,0.2502489022934706
Flt3,0.0055063028805695,0.0049609802615287,0.0058948219018795,0.0054644808743169,0.0054644808743169,0.0054644808743169,0.0101830387754335,-0.1484563483011087,0.095912898983426,0.736037263962736,0.8867918842924531,0.01323898676101324,0.07891992108007892,0.021182378817621184,0.18790457400018792
Fosl1,0.0055105326773028,0.0050095310926455,0.0058239341658042,0.0054644808743169,0.0054644808743169,0.0054644808743169,0.0121072057680801,-0.1254088772838425,0.0897110533037119,0.7043412956587043,0.8695571551342027,0.03864196135803864,0.09645390354609645,0.05404470120005405,0.20634402442520636
Gapdh,0.0052569252652612,0.0048981243221809,0.005704459231948,0.0054644808743169,0.0054644808743169,0.0054644808743169,-0.0561554145732718,-0.1582074074081327,0.0620056828415394,0.3158956841043159,0.5824746468831513,0.007738992261007739,0.21102778897221103,0.013116936035606338,0.32717486662358297
Gata4,0.005439540156793,0.0047708815041408,0.0058653747624768,0.0054644808743169,0.0054644808743169,0.0054644808743169,-0.0066248031607495,-0.2040268429268087,0.0419898568868611,0.9697340302659697,0.9903960096039904,0.000688999311000689,0.3510836489163511,0.0016602393036161181,0.4681115318884681
Gata6,0.0056321730147104,0.0052392867927584,0.0058254510976641,0.0054644808743169,0.0054644808743169,0.0054644808743169,0.0435925733577888,-0.0527775023151584,0.0919384886273892,0.33751966248033755,0.5973485254584922,0.3452556547443453,0.09026890973109027,0.38149796104347544,0.20285148254177587
Gpx4,0.0050822698720893,0.0047733054206552,0.0055572325715328,0.0054644808743169,0.0054644808743169,0.0054644808743169,-0.1046408920428081,-0.1905423704312472,0.0242821723116637,0.08168391831608168,0.30648487870030644,0.001415998584001416,0.5336434663565336,0.003182019289890822,0.5995994004005996
Hdac1,0.0054855668088376,0.0048119275259442,0.0057075424971817,0.0054644808743169,0.0054644808743169,0.0054644808743169,0.0055552801071764,-0.1834695326147172,0.063712509713694,0.8122421877578122,0.9390083095466037,0.002046997953002047,0.20014979985020015,0.004309469374741152,0.31519653519716556
Hdac2,0.0052830899739462,0.0050157306114682,0.0060972976243955,0.0054644808743169,0.0054644808743169,0.0054644808743169,-0.0498012925883807,-0.1236245814788061,0.1580855228998779,0.3686576313423687,0.6175043824956176,0.041696958303041695,0.004625995374004626,0.05734514813430392,0.02286361350002286
Hdac3,0.0059840396291206,0.0055771537399221,0.0064278311385932,0.0054644808743169,0.0054644808743169,0.0054644808743169,0.1309502324097014,0.0186680395512186,0.2331824830736719,0.018732981267018733,0.11019400745305136,0.6082853917146083,1.999998000002e-05,0.627098341973823,0.0002857140000002857
Hdac6,0.0054949681895708,0.0052139812984156,0.0064344045910092,0.0054644808743169,0.0054644808743169,0.0054644808743169,0.0077313596693055,-0.0676990381749522,0.2357222081532987,0.7791392208607791,0.9132949931377554,0.23697076302923697,1.7999982000018e-05,0.2692849579877693,0.0002769228000002769
Hif1a,0.0049967726173804,0.004181980384824,0.0055995922328877,0.0054644808743169,0.0054644808743169,0.0054644808743169,-0.1297613299573214,-0.3858981512567431,0.035237326326164,0.03201696798303202,0.16418957940016418,9.99999000001e-07,0.412987587012413,6.24999375000625e-06,0.5194812415250478
Hnf4a,0.0053479187284376,0.0047444753619365,0.0063631718232272,0.0054644808743169,0.0054644808743169,0.0054644808743169,-0.0314655723510015,-0.2092975104265333,0.1703916688919589,0.5674874325125675,0.7822581218514671,0.000453999546000454,0.002407997592002408,0.0011493659392416557,0.014405699880014406
Hnf4g,0.005595771873875,0.005174021926416,0.0059983522457689,0.0054644808743169,0.0054644808743169,0.0054644808743169,0.034168418784576,-0.0791321784650494,0.1344817987866846,0.42252857747142253,0.6602009022990977,0.17631782368217633,0.015967984032015967,0.2111590702780555,0.06261954522359203
Hras,0.0054675970217952,0.0044821000594668,0.0062138034834786,0.0054644808743169,0.0054644808743169,0.0054644808743169,0.000677566636274,-0.2859095901032868,0.1853921694148448,0.8981981018018982,0.9606396810715488,2.999997000003e-06,0.001117998882001118,1.3953474418618604e-05,0.009263990736009264
Hsp90aa1,0.0050851689068851,0.0045323818216515,0.0053481652458921,0.0054644808743169,0.0054644808743169,0.0054644808743169,-0.1044130693420489,-0.2700205559416656,-0.031040404330093,0.08275091724908275,0.30648487870030644,2.999997000003e-06,0.5721104278895721,1.3953474418618604e-05,0.6252572982399695
Hsp90ab1,0.0054315992743989,0.0051465916526918,0.0059210211054602,0.0054644808743169,0.0054644808743169,0.0054644808743169,-0.0087091971798046,-0.0863310810016041,0.1157615498733734,0.9333750666249334,0.9856646393353607,0.14278385721614278,0.037691962308037695,0.17202874363390697,0.11965702320011967
Huwe1,0.0051701630805781,0.0047219994580161,0.0055969743528968,0.0054644808743169,0.0054644808743169,0.0054644808743169,-0.0805777340396321,-0.2202852133698553,0.0352830766664361,0.1697248302751697,0.4351918725004352,0.00018999981000019,0.4126165873834126,0.0005428566000005428,0.5194812415250478
Idh1,0.0054563811928042,0.0047084667716788,0.0059467859861655,0.0054644808743169,0.0054644808743169,0.0054644808743169,-0.0023899066753285,-0.2168733257283774,0.1220257103427346,0.955010044989955,0.9896477150154974,0.000251999748000252,0.02938997061002939,0.000671999328000672,0.09962701901704878
Idh2,0.0052799183027892,0.0045822179271244,0.0054490995951392,0.0054644808743169,0.0054644808743169,0.0054644808743169,-0.0495777887430147,-0.2540383725226078,0.0091495802138902,0.3705026294973705,0.6175043824956176,1.0999989000011e-05,0.7547082452917547,4.489791428575918e-05,0.8028811120125051
Igf1r,0.0050497594108047,0.0043502332916125,0.0053258470305514,0.0054644808743169,0.0054644808743169,0.0054644808743169,-0.1143295605343996,-0.3479815053985781,-0.0374262675392287,0.05783894216105784,0.25181279166546916,9.99999000001e-07,0.49457750542249457,6.24999375000625e-06,0.5684798912902237
Jak1,0.0051511220610958,0.0048765301773221,0.0059484443161784,0.0054644808743169,0.0054644808743169,0.0054644808743169,-0.0857470629205837,-0.1607993846339984,0.0876193151842121,0.14609185390814608,0.4067667165209547,0.006812993187006813,0.10184589815410185,0.011746539977597954,0.20634402442520636
Jak2,0.0052503809320796,0.0050815474315185,0.0057989059934817,0.0054644808743169,0.0054644808743169,0.0054644808743169,-0.0576623509492862,-0.1043073946210462,0.0856963044397831,0.3057756942243058,0.5824746468831513,0.08303291696708304,0.1072988927011073,0.10577441651857711,0.20634402442520636
Kdm6a,0.0050623650909372,0.0044708177743902,0.0056225916002502,0.0054644808743169,0.0054644808743169,0.0054644808743169,-0.1104661712268953,-0.2818323086180007,0.0414982421107851,0.06651993348006652,0.27716638950027717,2.999997000003e-06,0.35602664397335604,1.3953474418618604e-05,0.4715584688388822
Kdr,0.0055689228165865,0.0053212267986398,0.0057381749095805,0.0054644808743169,0.0054644808743169,0.0054644808743169,0.0273073176416047,-0.0383255517276931,0.0701400715238101,0.49718150281849716,0.7311492688507311,0.4857835142164858,0.171992828007172,0.5140566288005141,0.28045337808320725
Keap1,0.0046053630106124,0.0041441973088762,0.0052511644347243,0.0054644808743169,0.0054644808743169,0.0054644808743169,-0.2474529062941793,-0.3989917537394841,-0.0452209676863538,1.3999986000014e-05,0.00031111080000031114,9.99999000001e-07,0.41263158736841266,6.24999375000625e-06,0.5194812415250478
Kif11,0.0046455199848498,0.0039728279169865,0.0052134838021907,0.0054644808743169,0.0054644808743169,0.0054644808743169,-0.2343372180844046,-0.4599181419243009,-0.07375080281877,4.4999955000045e-05,0.00074999925000075,9.99999000001e-07,0.20005979994020007,6.24999375000625e-06,0.31519653519716556
Kit,0.0056478222091735,0.0049527741979365,0.0063164949969838,0.0054644808743169,0.0054644808743169,0.0054644808743169,0.0475417747826835,-0.1096126868543966,0.2052888163744653,0.3067226932773067,0.5824746468831513,0.06916593083406916,0.000298999701000299,0.09100780372903837,0.0035176435411799875
Klf5,0.0048173421838426,0.0040112988622881,0.0053127041057151,0.0054644808743169,0.0054644808743169,0.0054644808743169,-0.1834916251153708,-0.3709230306206719,-0.0406380831068776,0.002046997953002047,0.019495218600019498,9.99999000001e-07,0.46054453945546053,6.24999375000625e-06,0.5515503466532462
Kras(G12D),0.004159331586189,0.0038486382452573,0.0047738351405735,0.0054644808743169,0.0054644808743169,0.0054644808743169,-0.3937996872888998,-0.5072120259336197,-0.1949357010693072,9.99999000001e-07,2.4999975000025e-05,9.99999000001e-07,0.001157998842001158,6.24999375000625e-06,0.009263990736009264
Kras(wt),0.0051693488174,0.0046199528342522,0.0055650846852333,0.0054644808743169,0.0054644808743169,0.0054644808743169,-0.080102519661535,-0.2422063233379628,0.0560811445156049,0.171992828007172,0.43542488103081517,1.999998000002e-05,0.24744375255624745,7.142850000007142e-05,0.36658333712036656
Kras(wt+G12D),0.0046566530100869,0.0042862329079743,0.0055743191723358,0.0054644808743169,0.0054644808743169,0.0054644808743169,-0.230841204130983,-0.3503742001783039,0.0287111637355909,6.8999931000069e-05,0.0009857133000009857,9.99999000001e-07,0.4823285176714823,6.24999375000625e-06,0.5608471135714911
Luc,0.0054756217901581,0.0048639413363931,0.0058555202375869,0.0054644808743169,0.0054644808743169,0.0054644808743169,0.0025426197255382,-0.1726631880276302,0.0997129072424543,0.8647061352938648,0.9502265223009503,0.003544996455003545,0.06896993103006897,0.006688672556610462,0.17905366710017903
Map2k1,0.005082860062506,0.0044663444850855,0.0057861499615871,0.0054644808743169,0.0054644808743169,0.0054644808743169,-0.1054265587578565,-0.2814402449002339,0.0825192681847377,0.07965392034607965,0.30648487870030644,2.999997000003e-06,0.11778788221211779,1.3953474418618604e-05,0.2161245545176473
Map2k2,0.0055365603123142,0.0054365670840482,0.0057655764612024,0.0054644808743169,0.0054644808743169,0.0054644808743169,0.0188870806234853,-0.0074999014675898,0.0770639347427343,0.6042313957686042,0.8056418610248056,0.9565880434119566,0.13937686062313936,0.961395018504479,0.240304932108861
Map4k1,0.0054327021134508,0.0052735472965413,0.0058364683672241,0.0054644808743169,0.0054644808743169,0.0054644808743169,-0.0084511742105091,-0.0463378942470682,0.0924475919183215,0.9384410615589385,0.9856646393353607,0.4021345978654021,0.0887049112950887,0.43949136378732473,0.2016020711252016
Mapk1,0.0054302398749458,0.004327957950021,0.0061417854107712,0.0054644808743169,0.0054644808743169,0.0054644808743169,-0.009068634640857,-0.3358510363288663,0.1685736601681595,0.9274750725249274,0.9856646393353607,9.99999000001e-07,0.002520997479002521,6.24999375000625e-06,0.014405699880014406
Mapk3,0.0058207912930238,0.005511782081633,0.0060988550510179,0.0054644808743169,0.0054644808743169,0.0054644808743169,0.0911259473469969,0.0124344032094733,0.1584539819929622,0.09293290706709294,0.32045830023135496,0.6990473009526991,0.00448999551000449,0.7103566500494414,0.02286361350002286
Mdm2,0.0057217614630917,0.0046232890405058,0.0058377989600767,0.0054644808743169,0.0054644808743169,0.0054644808743169,0.0662727718860624,-0.2411648860388563,0.0953346416446083,0.1894918105081895,0.46217514758095,1.999998000002e-05,0.0798979201020799,7.142850000007142e-05,0.18799510612254094
Met,0.0056850086886255,0.004732768892929,0.0062558546871099,0.0054644808743169,0.0054644808743169,0.0054644808743169,0.0563021519913689,-0.1582840792373411,0.1951225552984561,0.2452047547952452,0.5198328135005198,0.007731992268007732,0.000643999356000644,0.013116936035606338,0.0066799933200066795
Mgst1,0.0058190811844605,0.0051428454207479,0.006472246484728,0.0054644808743169,0.0054644808743169,0.0054644808743169,0.0896691590034742,-0.0737737664434785,0.2441821050739396,0.09650690349309651,0.3204849254167139,0.20005979994020007,1.0999989000011e-05,0.23128300571121396,0.00023333310000023334
Mtap,0.0050575611600226,0.0046033893019593,0.0053662738887727,0.0054644808743169,0.0054644808743169,0.0054644808743169,-0.111659804407817,-0.2473879920289766,-0.0461129209014515,0.06388293611706389,0.27184228134920807,1.3999986000014e-05,0.4035775964224036,5.490190588240784e-05,0.5174071749005175
Mtor,0.0050144805417357,0.0047580758544426,0.0054138735240956,0.0054644808743169,0.0054644808743169,0.0054644808743169,-0.1240127203761267,-0.1997061746242489,-0.0134232618712206,0.04086895913104087,0.19936077624897985,0.000864999135000865,0.8471471528528471,0.001988503758622678,0.8741238681441731
Muc1,0.0051985439279786,0.0047574993759128,0.0058409305092838,0.0054644808743169,0.0054644808743169,0.0054644808743169,-0.0720558192567927,-0.2009143973901088,0.0961137744725535,0.2108227891772108,0.48051187903868275,0.000798999201000799,0.07839392160607839,0.00187999812000188,0.18790457400018792
Muc5ac,0.005221373461557,0.0049843091868966,0.005422136345476,0.0054644808743169,0.0054644808743169,0.0054644808743169,-0.0656550964710984,-0.132690881915171,-0.0113272613119636,0.24951975048024952,0.5198328135005198,0.028420971579028422,0.8846371153628846,0.04160871751537007,0.9073201183209073
Myc,0.0048846892366518,0.0044430841325502,0.0051455743485117,0.0054644808743169,0.0054644808743169,0.0054644808743169,-0.1618279411943641,-0.3205014833317265,-0.098875885944903,0.006542993457006543,0.04982063983453258,9.99999000001e-07,0.09857290142709857,6.24999375000625e-06,0.20634402442520636
Mycl,0.0053923829369789,0.0049922902667882,0.0058444449108104,0.0054644808743169,0.0054644808743169,0.0054644808743169,-0.0191940305615948,-0.123522125612178,0.0967295161343028,0.7534482465517535,0.9023332294032976,0.04186195813804186,0.0769049230950769,0.05734514813430392,0.18790457400018792
Mycn,0.0052567515623045,0.0050232376315707,0.00568900798764,0.0054644808743169,0.0054644808743169,0.0054644808743169,-0.0563727519295979,-0.1216846099088965,0.0565929636142253,0.3145186854813145,0.5824746468831513,0.04538895461104539,0.24408275591724407,0.06133642515006134,0.36430262077200604
NT,0.0054501901841575,0.0053747982832279,0.0055271624271976,0.0054644808743169,0.0054644808743169,0.0054644808743169,-0.0037778728272397,-0.0223252291353043,0.0133833370526967,0.9792420207579793,0.9903960096039904,0.6997013002986997,0.6822553177446823,0.7103566500494414,0.7375733164807375
Nf1,0.0051466030817204,0.0043711239310616,0.0061305907325247,0.0054644808743169,0.0054644808743169,0.0054644808743169,-0.0864663089806928,-0.2592563532106846,0.1730925661227784,0.142005857994142,0.4067667165209547,8.999991000009e-06,0.002108997891002109,3.74999625000375e-05,0.01360643800646522
Nf2,0.0064022588250226,0.0055578594818026,0.0069560064304157,0.0054644808743169,0.0054644808743169,0.0054644808743169,0.2273211483138684,0.0214101018282344,0.3470264556255201,3.6999963000037e-05,0.0006727266000006727,0.5691034308965691,9.99999000001e-07,0.5897444879757193,2.857140000002857e-05
Nfe2l2,0.0057484250539725,0.0055997074521875,0.0073331482810679,0.0054644808743169,0.0054644808743169,0.0054644808743169,0.0730507754337598,0.0351624995976267,0.4532983537669486,0.1587908412091588,0.4219285254398956,0.4142965857034143,9.99999000001e-07,0.4503223757645808,2.857140000002857e-05
Nras,0.0056598591501455,0.0048311492987434,0.006517923476692,0.0054644808743169,0.0054644808743169,0.0054644808743169,0.048447127682132,-0.1777180087956859,0.2729089641247165,0.30126269873730127,0.5824746468831513,0.002595997404002596,2.999997000003e-06,0.005140588918817022,7.4999925000075e-05
Nsd3,0.0048641783889914,0.0045758366657813,0.005701107943739,0.0054644808743169,0.0054644808743169,0.0054644808743169,-0.1682666041757246,-0.2412243842965496,0.0611578710765606,0.004552995447004553,0.036423963576036424,1.999998000002e-05,0.21656178343821655,7.142850000007142e-05,0.33317197452033315
Palb2,0.0053767415115488,0.0051241956960905,0.0058005517457166,0.0054644808743169,0.0054644808743169,0.0054644808743169,-0.0233879507475716,-0.1039298430210283,0.031907391066842,0.6821223178776821,0.8528153971846028,0.08402991597008402,0.44473755526244474,0.10636698224061268,0.5358283798342708
Parp1,0.0052440309066223,0.004785462632545,0.005821681097972,0.0054644808743169,0.0054644808743169,0.0054644808743169,-0.0594457443453079,-0.186400578915737,0.0913513668072598,0.29376070623929373,0.5824746468831513,0.001745998254001746,0.09204690795309205,0.003754834954842464,0.20454868434020454
Parp2,0.0048950835891858,0.0043016344464133,0.0057943014404018,0.0054644808743169,0.0054644808743169,0.0054644808743169,-0.1606452723191213,-0.3451995168645346,0.0845502943677302,0.006875993124006876,0.04982063983453258,9.99999000001e-07,0.11166088833911166,6.24999375000625e-06,0.21068092139455027
Pax8,0.0054190139983905,0.0048532783360494,0.0058007906953002,0.0054644808743169,0.0054644808743169,0.0054644808743169,-0.0120687710063631,-0.1711248451831151,0.0861651184206815,0.8721881278118722,0.9532110686468548,0.003881996118003882,0.1060948939051061,0.007256067510287629,0.20634402442520636
Pbrm1,0.0052962160185025,0.0048171920424877,0.0059330938283186,0.0054644808743169,0.0054644808743169,0.0054644808743169,-0.0452011890705435,-0.1879396540197053,0.1173693459206909,0.412987587012413,0.6568580733006568,0.00162999837000163,0.03517396482603517,0.003582414000003582,0.11532447483945958
Pcna,0.0053680124699391,0.0044855224340571,0.0057443616045112,0.0054644808743169,0.0054644808743169,0.0054644808743169,-0.0258399860670482,-0.2848084190643206,0.0714720182290123,0.6473343526656473,0.8352701324718029,2.999997000003e-06,0.16576883423116576,1.3953474418618604e-05,0.27628139038527627
Pdgfra,0.0051380577370001,0.004617299849008,0.0054796167027824,0.0054644808743169,0.0054644808743169,0.0054644808743169,-0.0909209254057461,-0.22556081106898,0.0073941600259794,0.12305187694812306,0.38945273554726445,0.000120999879000121,0.7828232171767828,0.00037230732000037234,0.8240244391334557
Pdgfrb,0.0051320620260592,0.0046712623011946,0.0056391315157701,0.0054644808743169,0.0054644808743169,0.0054644808743169,-0.0906019157048507,-0.2262719886070884,0.0453885434852511,0.12462487537512462,0.38945273554726445,0.000110999889000111,0.3221696778303222,0.0003468746531253469,0.43832609228615266
Pik3ca,0.0050855854128988,0.0046511151474526,0.0058054990071424,0.0054644808743169,0.0054644808743169,0.0054644808743169,-0.1038220096032508,-0.2325077893358607,0.0873356317703323,0.0846989153010847,0.30799605564030796,6.0999939000061e-05,0.10273689726310274,0.00020333313000020332,0.20634402442520636
Pik3cb,0.0054834444649269,0.0052208371002244,0.0058861881201844,0.0054644808743169,0.0054644808743169,0.0054644808743169,0.0048810139236072,-0.0658033017440553,0.1149738712424081,0.822959177040823,0.9405247737609406,0.2484727515272485,0.03942996057003943,0.2776231860639648,0.12132295560012132
Pik3cd,0.0051992092588434,0.0043163337107128,0.0056614533964312,0.0054644808743169,0.0054644808743169,0.0054644808743169,-0.0717984341679566,-0.3402780374883903,0.0494234007769326,0.21133078866921134,0.48051187903868275,9.99999000001e-07,0.29393370606629393,6.24999375000625e-06,0.4139911353046394
Pik3cg,0.0052375274306688,0.0048134350797617,0.0056519800460729,0.0054644808743169,0.0054644808743169,0.0054644808743169,-0.0612023512558696,-0.183017613965368,0.0486719259671347,0.2801027198972801,0.5658640806005658,0.002125997874002126,0.2987587012412988,0.00442916223750443,0.41494264061291497
Pik3r1,0.0054489336894121,0.0050172655479546,0.0058334596189322,0.0054644808743169,0.0054644808743169,0.0054644808743169,-0.0041106354292776,-0.1240785360937353,0.0942673023546439,0.9854810145189855,0.9903960096039904,0.040801959198040805,0.08327891672108328,0.05666938777505667,0.19367189935135648
Plk1,0.0047949055253526,0.0044388972583474,0.005588762245568,0.0054644808743169,0.0054644808743169,0.0054644808743169,-0.1896932811908859,-0.2876303611336037,0.0324443554904642,0.001473998526001474,0.01473998526001474,1.999998000002e-06,0.4395105604894395,1.1764694117658824e-05,0.533932799400534
Plk4,0.0055776961391525,0.0046778012652323,0.0060093728683669,0.0054644808743169,0.0054644808743169,0.0054644808743169,0.0293479271212942,-0.2242538757852174,0.1404965148384965,0.4742055257944742,0.713091016232292,0.000124999875000125,0.012122987877012123,0.0003787875000003788,0.04849195150804849
Porcn,0.0055229798036418,0.0051799465383552,0.0058206961125633,0.0054644808743169,0.0054644808743169,0.0054644808743169,0.0153076210134203,-0.0934829424817145,0.0860195587528435,0.6565963434036566,0.8417901838508417,0.11445088554911445,0.10617589382410618,0.1395742506696518,0.20634402442520636
Ppia,0.0058348938320892,0.0052746601271669,0.0060676203759957,0.0054644808743169,0.0054644808743169,0.0054644808743169,0.0946214954884521,-0.0672222409836312,0.1510463790221564,0.08222891777108222,0.30648487870030644,0.2390727609272391,0.006741993258006742,0.27013871291213454,0.028689333012794648
Ppib,0.0055547273701368,0.0053144342424584,0.0057534904260578,0.0054644808743169,0.0054644808743169,0.0054644808743169,0.0236262192174735,-0.0401683311115772,0.0829362248249808,0.5422144577855422,0.7745920825507746,0.465997534002466,0.115991884008116,0.49574205744943195,0.21479978520021478
Prdx1,0.0051599632304575,0.0046594043272019,0.0058593134300961,0.0054644808743169,0.0054644808743169,0.0054644808743169,-0.0855270348468225,-0.2189525984691593,0.1006471791866677,0.14644785355214646,0.4067667165209547,0.000213999786000214,0.06601293398706601,0.0005863007835622302,0.17371824733438423
Prkdc,0.0055513484446896,0.0051193856360823,0.0061762178009227,0.0054644808743169,0.0054644808743169,0.0054644808743169,0.0227527334566274,-0.0758372289651387,0.1766391829719078,0.5531644468355532,0.7791048546979623,0.19125080874919126,0.0017249982750017249,0.22647788003099573,0.0114999885000115
Prmt5,0.0052461019080265,0.0050228130117523,0.0056970392532219,0.0054644808743169,0.0054644808743169,0.0054644808743169,-0.0589794785077722,-0.1020489503655325,0.0582855734486867,0.29647870352129646,0.5824746468831513,0.08965691034308966,0.23341976658023342,0.11068754363344402,0.35100716778982466
Psmc5,0.0048579294251589,0.0035583762675511,0.005517830346307,0.0054644808743169,0.0054644808743169,0.0054644808743169,-0.1705807047990631,-0.6265971891444647,-0.017354840365914,0.003995996004003996,0.0332999667000333,9.99999000001e-07,0.7828232171767828,6.24999375000625e-06,0.8240244391334557
Pten,0.0059691034923785,0.0059388498040615,0.006118683945212,0.0054644808743169,0.0054644808743169,0.0054644808743169,0.1274296715648278,0.0983119742181539,0.1631295982919436,0.022731977268022733,0.1298970129601299,0.07233892766107233,0.003462996537003463,0.09394665930009394,0.018718900200018717
Ptk2,0.0049317098532405,0.004357349112692,0.0053991270333789,0.0054644808743169,0.0054644808743169,0.0054644808743169,-0.148666834590965,-0.3266337391446753,-0.0195800289360319,0.013193986806013193,0.08246241753758246,9.99999000001e-07,0.7462712537287463,6.24999375000625e-06,0.7981510735066805
Ptpn11,0.0053528301473084,0.004712887057839,0.0059657477367758,0.0054644808743169,0.0054644808743169,0.0054644808743169,-0.0299764661657925,-0.2203376411715502,0.1116815274180103,0.588958411041589,0.7905482027403878,0.000176999823000177,0.045400954599045404,0.0005130429652179043,0.13757865030013758
Rac1,0.0047080925406528,0.0045544549776837,0.0050899560475288,0.0054644808743169,0.0054644808743169,0.0054644808743169,-0.2149532350030383,-0.2628060263876948,-0.0884608037397575,0.000300999699000301,0.0033444411000033442,4.999995000005e-06,0.13361486638513362,2.272725000002273e-05,0.23441715688719095
Raf1,0.0056204038133182,0.0051764305377898,0.0062549177318004,0.0054644808743169,0.0054644808743169,0.0054644808743169,0.0397559253154714,-0.0744825080006634,0.1949064630004128,0.3692576307423693,0.6175043824956176,0.19646880353119647,0.000667999332000668,0.22845209712929823,0.0066799933200066795
Ran,0.0029563755100463,0.0022596604245011,0.0044212204534331,0.0054644808743169,0.0054644808743169,0.0054644808743169,-0.8894293163897511,-1.274067853359361,-0.3056397738039407,9.99999000001e-07,2.4999975000025e-05,9.99999000001e-07,9.99999000001e-07,6.24999375000625e-06,2.857140000002857e-05
Rbm39,0.0053291707724692,0.0047889941443084,0.0060828510341841,0.0054644808743169,0.0054644808743169,0.0054644808743169,-0.0374600018644726,-0.2385978415386128,0.1654898031720777,0.49453450546549454,0.7311492688507311,2.8999971000029e-05,0.002984997015002985,0.00010175428421062808,0.016583316750016584
Rbx1,0.0046979911330607,0.003852422414425,0.0051305153870722,0.0054644808743169,0.0054644808743169,0.0054644808743169,-0.2180623812803816,-0.5125372161321914,-0.095105514433334,0.000233999766000234,0.0029249970750029252,9.99999000001e-07,0.10901589098410902,6.24999375000625e-06,0.20764931616020765
Rela,0.0050485894464835,0.0048666805575825,0.0053895155810361,0.0054644808743169,0.0054644808743169,0.0054644808743169,-0.114204120972666,-0.1811431983765475,-0.0199288394937033,0.057916942083057914,0.25181279166546916,0.002301997698002302,0.7397882602117398,0.004603995396004604,0.7954712475395052
Rhoa,0.0043444796180628,0.0036016877653256,0.0047256794035924,0.0054644808743169,0.0054644808743169,0.0054644808743169,-0.3321585523813954,-0.6014470683445673,-0.1890685670764082,9.99999000001e-07,2.4999975000025e-05,9.99999000001e-07,0.001536998463001537,6.24999375000625e-06,0.0105999894000106
Rictor,0.0057691087425348,0.0050527576773616,0.0060872040696449,0.0054644808743169,0.0054644808743169,0.0054644808743169,0.0782629605660334,-0.1686082053480905,0.1556952856821027,0.13402986597013403,0.4067667165209547,0.004456995543004457,0.005172994827005173,0.00803062260000803,0.02299108812002299
Ripk1,0.0057568429880819,0.004837451233111,0.0060723076630692,0.0054644808743169,0.0054644808743169,0.0054644808743169,0.0751244116659536,-0.175837329018363,0.1424605544713355,0.14846985153014847,0.4067667165209547,0.002893997106002894,0.010792989207010793,0.005565379050005565,0.04405301717147263
Ripk2,0.0054126608801382,0.0044845854907062,0.0064529623614904,0.0054644808743169,0.0054644808743169,0.0054644808743169,-0.0143937545074038,-0.294677202569213,0.2404112041113653,0.8321311678688321,0.9456035998509456,1.999998000002e-06,1.3999986000014e-05,1.1764694117658824e-05,0.00023333310000023334
Rock1,0.0053327667402452,0.0051136820642713,0.0055314508378176,0.0054644808743169,0.0054644808743169,0.0054644808743169,-0.0352055953986168,-0.0749103517813511,0.0269513678899422,0.5208084791915208,0.7493647182611811,0.19524180475819525,0.5015504984495015,0.22835298802128098,0.5717357919005718
Rock2,0.0055147879167911,0.0050163493549042,0.0062668965526329,0.0054644808743169,0.0054644808743169,0.0054644808743169,0.0127073355999911,-0.1234466207586488,0.2396966056471641,0.6944583055416944,0.8626811248965147,0.04231995768004232,1.3999986000014e-05,0.057578173714343296,0.00023333310000023334
Rpa1,0.0051916434217598,0.0045719719935688,0.0056092936876673,0.0054644808743169,0.0054644808743169,0.0054644808743169,-0.0739389211455954,-0.2598141017691624,0.0362848116158673,0.19944780055219946,0.46928894247576347,8.999991000009e-06,0.4025105974894025,3.74999625000375e-05,0.5174071749005175
Rpa3,0.0047480808730926,0.0044079276803786,0.005289549859514,0.0054644808743169,0.0054644808743169,0.0054644808743169,-0.2034513404513909,-0.3099838921638531,-0.0426607164227602,0.000720999279000721,0.0075894660947444315,9.99999000001e-07,0.4376705623294377,6.24999375000625e-06,0.533932799400534
Rpl7,0.0025744550945679,0.0022326868435278,0.0033882302985183,0.0054644808743169,0.0054644808743169,0.0054644808743169,-1.090820382982779,-1.2571659185241382,-0.695978536723538,9.99999000001e-07,2.4999975000025e-05,9.99999000001e-07,9.99999000001e-07,6.24999375000625e-06,2.857140000002857e-05
Rps6,0.0034211119961035,0.0029611293201508,0.0048885646182741,0.0054644808743169,0.0054644808743169,0.0054644808743169,-0.6756639678626288,-0.8839369482751906,-0.16606068824969,9.99999000001e-07,2.4999975000025e-05,9.99999000001e-07,0.005014994985005015,6.24999375000625e-06,0.02286361350002286
Rptor,0.0053961075663045,0.0043281068344153,0.006413010737749,0.0054644808743169,0.0054644808743169,0.0054644808743169,-0.0277364226085891,-0.3364331489802953,0.1826647039558618,0.6208423791576209,0.816897867312659,9.99999000001e-07,0.001277998722001278,6.24999375000625e-06,0.009466657200009465
Shoc2,0.0055439630156989,0.0052010651383318,0.0059652193761972,0.0054644808743169,0.0054644808743169,0.0054644808743169,0.0208237522213795,-0.0712773399648243,0.1264907488990728,0.5766924233075766,0.7846155419150703,0.21564078435921563,0.023654976345023657,0.24786297052783407,0.08601809580008601
Sin3a,0.0049259948190475,0.0040039371659532,0.0052516473252528,0.0054644808743169,0.0054644808743169,0.0054644808743169,-0.1496736144762561,-0.4486651123337597,-0.0583076155594456,0.01250898749101251,0.08246241753758246,9.99999000001e-07,0.30152569847430155,6.24999375000625e-06,0.41589751513696765
Smad1,0.0059150296021577,0.005303255496751,0.0062913361541516,0.0054644808743169,0.0054644808743169,0.0054644808743169,0.1142863815567637,-0.0316629294095132,0.2032820028815872,0.040526959473040525,0.19936077624897985,0.5663504336495664,0.000363999636000364,0.5897444879757193,0.0040444404000040445
Smad2,0.0053280390946438,0.005080646177718,0.0059032600338634,0.0054644808743169,0.0054644808743169,0.0054644808743169,-0.0365690596730312,-0.1059991228359604,0.0935436943496198,0.5056414943585057,0.7381627654868695,0.07842592157407842,0.08512791487208513,0.10054605330010054,0.1956963560277819
Smad3,0.0055281571357414,0.0049360435501279,0.0060897710708677,0.0054644808743169,0.0054644808743169,0.0054644808743169,0.01639055771102,-0.146729323106989,0.1563035483986042,0.6407083592916407,0.832088778300832,0.014441985558014441,0.004957995042004958,0.022923786600022922,0.02286361350002286
Smad4,0.0054162796954801,0.0051739346518308,0.0058808188031589,0.0054644808743169,0.0054644808743169,0.0054644808743169,-0.0127822357624728,-0.1029915466024094,0.1059325932101956,0.8609071390928609,0.9502265223009503,0.0867979132020868,0.05486494513505487,0.10895614104385895,0.15902882647841993
Smarca2,0.0056693925996536,0.0049738435223495,0.0058562861156296,0.0054644808743169,0.0054644808743169,0.0054644808743169,0.0531002246145176,-0.1357233254499407,0.0993229581193008,0.2682497317502682,0.5474484321434046,0.02458897541102459,0.06983093016906983,0.036975902873721184,0.17905366710017903
Smarca4,0.0052955158667804,0.0048564950053508,0.0058426779843547,0.0054644808743169,0.0054644808743169,0.0054644808743169,-0.0453332628096133,-0.1701689684894297,0.0965453318358465,0.411982588017412,0.6568580733006568,0.004086995913004087,0.0775959224040776,0.007499075069732269,0.18790457400018792
Smo,0.0055860320525751,0.0050902886542068,0.0059232579549066,0.0054644808743169,0.0054644808743169,0.0054644808743169,0.0317381547690833,-0.1023369770741199,0.1161641584541805,0.4467185532814467,0.6820130584449567,0.08909191090808909,0.037235962764037234,0.11067318125228458,0.11965702320011967
Snai1,0.0054441718044231,0.0050394003726263,0.0055889071577397,0.0054644808743169,0.0054644808743169,0.0054644808743169,-0.0054861038604302,-0.1200578399718337,0.0323623506428544,0.99007200992799,0.9903960096039904,0.04802895197104803,0.4404945595054405,0.06446839190744702,0.533932799400534
Snai2,0.0058886680152403,0.0046624290637848,0.0062028097860004,0.0054644808743169,0.0054644808743169,0.0054644808743169,0.1078510764551059,-0.2290026706303892,0.1828374378413848,0.05125094874905125,0.2383765058095407,7.5999924000076e-05,0.001275998724001276,0.00024516104516153546,0.009466657200009465
Snrnp200,0.0046989026393305,0.0041503632491237,0.0052987524725632,0.0054644808743169,0.0054644808743169,0.0054644808743169,-0.2178340938096265,-0.3971316829305021,-0.044431711890988,0.000233999766000234,0.0029249970750029252,9.99999000001e-07,0.4198965801034199,6.24999375000625e-06,0.5248707251292748
Snrpd1,0.0039362168333853,0.0034190480714372,0.0052206937991611,0.0054644808743169,0.0054644808743169,0.0054644808743169,-0.4747548341327761,-0.6764897393316445,-0.1206140591697547,9.99999000001e-07,2.4999975000025e-05,9.99999000001e-07,0.0468009531990468,6.24999375000625e-06,0.13970433790760237
Sos1,0.0054575636951538,0.0053448407336975,0.0059879733098001,0.0054644808743169,0.0054644808743169,0.0054644808743169,-0.0019112228488016,-0.075785574085361,0.1282117006541064,0.9462380537619463,0.9856646393353607,0.19137380862619138,0.02179197820802179,0.22647788003099573,0.08071103040008071
Stat3,0.0051637635270743,0.004531711236231,0.0057473209974013,0.0054644808743169,0.0054644808743169,0.0054644808743169,-0.0827196151008281,-0.2145883029486485,0.0700651332646842,0.16033283966716033,0.4219285254398956,0.000304999695000305,0.17247882752117247,0.0008026307763165921,0.28045337808320725
Stk11,0.0052005713399325,0.0049895750808778,0.0058493920505961,0.0054644808743169,0.0054644808743169,0.0054644808743169,-0.0714418883101878,-0.1325646812422997,0.0973049471432505,0.21382778617221382,0.48051187903868275,0.0285019714980285,0.07528092471907528,0.04160871751537007,0.18790457400018792
Tacstd2,0.0055522897750923,0.0051105025687339,0.0062564157005514,0.0054644808743169,0.0054644808743169,0.0054644808743169,0.022829440876297,-0.0905439843481466,0.189995002947342,0.5517154482845518,0.7791048546979623,0.12481287518712482,0.000862999137000863,0.1512883335601513,0.007845446700007844
Tcf7l2,0.0055500186591186,0.0048375946107731,0.0060799764755074,0.0054644808743169,0.0054644808743169,0.0054644808743169,0.0214407964839157,-0.1639068320342657,0.1560155916824394,0.5685754314245686,0.7822581218514671,0.005792994207005793,0.00502999497000503,0.010253087092045652,0.02286361350002286
Tead1,0.0051778910048942,0.0047149779923317,0.0052503626340129,0.0054644808743169,0.0054644808743169,0.0054644808743169,-0.077730180172102,-0.2196957034104532,-0.0575428565783189,0.18243981756018243,0.45609954390045604,0.00020999979000021,0.30655569344430655,0.0005863007835622302,0.41993930608809116
Tead2,0.0053305983856385,0.0050460071925064,0.0058068856042894,0.0054644808743169,0.0054644808743169,0.0054644808743169,-0.035813456743827,-0.1077826626211587,0.087680166834253,0.5134784865215135,0.7441717195963965,0.07336892663107338,0.10184289815710185,0.0946695827497721,0.20634402442520636
Tead3,0.0052889589210545,0.0045721237751217,0.005785757723626,0.0054644808743169,0.0054644808743169,0.0054644808743169,-0.0471022773215557,-0.2572199861027375,0.0809234102347399,0.3934026065973934,0.6449223058973662,8.999991000009e-06,0.12321487678512322,3.74999625000375e-05,0.22402704870022402
Tead4,0.0049359809259209,0.0046182780926191,0.0051605969722962,0.0054644808743169,0.0054644808743169,0.0054644808743169,-0.1469490718372114,-0.2210962366344225,-0.1001272990420718,0.014256985743014258,0.0864059742000864,0.000174999825000175,0.09502390497609503,0.0005130429652179043,0.20634402442520636
Tgfbr1,0.0052215733175347,0.004901489094597,0.0058601978325166,0.0054644808743169,0.0054644808743169,0.0054644808743169,-0.0656934274640827,-0.1568643332676633,0.1008120059755781,0.24941975058024943,0.5198328135005198,0.008547991452008548,0.06578893421106578,0.014366372188249661,0.17371824733438423
Tgfbr2,0.005280227934275,0.0048548754458496,0.0054758227228754,0.0054644808743169,0.0054644808743169,0.0054644808743169,-0.0495751027519066,-0.170650163289724,0.0061994565644537,0.3705026294973705,0.6175043824956176,0.003984996015003985,0.8026091973908026,0.00737962225000738,0.8360512472820861
Trim8,0.0055086802039906,0.0049382997572087,0.0057259280089679,0.0054644808743169,0.0054644808743169,0.0054644808743169,0.011578805130387,-0.1366950241325194,0.067425085335774,0.7125852874147126,0.8743377759689726,0.02347197652802347,0.18472381527618473,0.03556360080003556,0.2979416375422334
Trp53,0.005092501028868,0.0048123465258008,0.0054328313041657,0.0054644808743169,0.0054644808743169,0.0054644808743169,-0.1017328083438598,-0.2122876100330122,0.0226989832516385,0.09125190874809125,0.32018213595821493,0.000365999634000366,0.5536304463695536,0.0009506484000009506,0.6154216068006154
Tsc1,0.0051445873877016,0.0049230901982698,0.0058491648889901,0.0054644808743169,0.0054644808743169,0.0054644808743169,-0.0870419931575426,-0.1501898409926908,0.0969796777175365,0.13932186067813931,0.4067667165209547,0.012310987689012311,0.07602392397607602,0.020025996234166368,0.18790457400018792
Tsc2,0.0054223529896921,0.0049982190832089,0.0056940698743698,0.0054644808743169,0.0054644808743169,0.0054644808743169,-0.0111929201235279,-0.1286703069918519,0.0720179888498217,0.888972111027889,0.9606396810715488,0.033486966513033484,0.1635098364901635,0.048531835526135485,0.27480644788262776
Twist1,0.0056322801945658,0.0046598865220788,0.0057759838653535,0.0054644808743169,0.0054644808743169,0.0054644808743169,0.0435854837196998,-0.2311211359987969,0.079982265825074,0.33751966248033755,0.5973485254584922,6.8999931000069e-05,0.12722587277412722,0.00022622928196743935,0.2292358068002292
Vegfa,0.0053204190447979,0.0046829660769017,0.0059485144296328,0.0054644808743169,0.0054644808743169,0.0054644808743169,-0.0387945306867217,-0.2226618590912116,0.1224449711851001,0.48042351957648044,0.7170500292186275,0.000148999851000149,0.028662971337028664,0.00044477567462731046,0.09883783219665057
Vhl,0.005846686335458,0.0053051777646994,0.0063457883150465,0.0054644808743169,0.0054644808743169,0.0054644808743169,0.0975344124711678,-0.0426833529281975,0.2157149497709386,0.07454792545207455,0.2981917018082982,0.4376705623294377,0.000120999879000121,0.47315736468047315,0.0015124984875015126
Vtcn1,0.0048912248308145,0.004650811743702,0.0054021228759549,0.0054644808743169,0.0054644808743169,0.0054644808743169,-0.1599265914850904,-0.2326019029731154,0.029930498032077,0.007208992791007209,0.04982063983453258,6.0999939000061e-05,0.46783453216546783,0.00020333313000020332,0.5536503339236306
Wee1,0.0050887893173747,0.004620566340277,0.0054041405748965,0.0054644808743169,0.0054644808743169,0.0054644808743169,-0.1030532007076058,-0.2420212199053499,-0.0400249138954239,0.08672691327308672,0.3097389759753097,1.999998000002e-05,0.46756153243846754,7.142850000007142e-05,0.5536503339236306
Wwtr1,0.0047069072646605,0.0043703276360261,0.0055950186363212,0.0054644808743169,0.0054644808743169,0.0054644808743169,-0.2164113014193994,-0.3216522450001667,0.0340584902719587,0.000262999737000263,0.00309411455294427,9.99999000001e-07,0.423988576011424,6.24999375000625e-06,0.5266938832440049
Yap1,0.0048196866068321,0.0041483329860736,0.0054330735602866,0.0054644808743169,0.0054644808743169,0.0054644808743169,-0.181341148094715,-0.3975527426618379,-0.0073305078567526,0.002296997703002297,0.02088179730002088,9.99999000001e-07,0.9581310418689581,6.24999375000625e-06,0.9678091332009678
Ywhaz,0.0051609826923148,0.0048055193010121,0.0055702236389518,0.0054644808743169,0.0054644808743169,0.0054644808743169,-0.0827650489783029,-0.1888094220900786,0.0262649430153328,0.1601108398891601,0.4219285254398956,0.001566998433001567,0.5085964914035086,0.0034822187400034817,0.5746853010209136
Zeb1,0.0054484215354803,0.0047786674183008,0.0056148552208427,0.0054644808743169,0.0054644808743169,0.0054644808743169,-0.0043490145579446,-0.1267478502454617,0.052610056066684,0.9882770117229883,0.9903960096039904,0.036166963833036164,0.2713107286892713,0.051300657919200236,0.3848379130344274
